{
  "hash": "41d0729d",
  "configHash": "bb67a928",
  "lockfileHash": "7a105377",
  "browserHash": "7782a333",
  "optimized": {
    "@angular/common": {
      "src": "../../../../../node_modules/@angular/common/fesm2022/common.mjs",
      "file": "@angular_common.js",
      "fileHash": "2bc11481",
      "needsInterop": false
    },
    "@angular/core": {
      "src": "../../../../../node_modules/@angular/core/fesm2022/core.mjs",
      "file": "@angular_core.js",
      "fileHash": "a9f3bfe3",
      "needsInterop": false
    },
    "@angular/forms": {
      "src": "../../../../../node_modules/@angular/forms/fesm2022/forms.mjs",
      "file": "@angular_forms.js",
      "fileHash": "0a452f44",
      "needsInterop": false
    },
    "@angular/platform-browser": {
      "src": "../../../../../node_modules/@angular/platform-browser/fesm2022/platform-browser.mjs",
      "file": "@angular_platform-browser.js",
      "fileHash": "ef57f944",
      "needsInterop": false
    },
    "@angular/platform-browser/animations": {
      "src": "../../../../../node_modules/@angular/platform-browser/fesm2022/animations.mjs",
      "file": "@angular_platform-browser_animations.js",
      "fileHash": "d1a29c67",
      "needsInterop": false
    },
    "@angular/router": {
      "src": "../../../../../node_modules/@angular/router/fesm2022/router.mjs",
      "file": "@angular_router.js",
      "fileHash": "50236e1d",
      "needsInterop": false
    },
    "@microsoft/signalr": {
      "src": "../../../../../node_modules/@microsoft/signalr/dist/esm/index.js",
      "file": "@microsoft_signalr.js",
      "fileHash": "cf58363e",
      "needsInterop": false
    },
    "ngx-toastr": {
      "src": "../../../../../node_modules/ngx-toastr/fesm2022/ngx-toastr.mjs",
      "file": "ngx-toastr.js",
      "fileHash": "7de0a83d",
      "needsInterop": false
    },
    "rxjs": {
      "src": "../../../../../node_modules/rxjs/dist/esm5/index.js",
      "file": "rxjs.js",
      "fileHash": "09d5756e",
      "needsInterop": false
    }
  },
  "chunks": {
    "chunk-TMXN7E6W": {
      "file": "chunk-TMXN7E6W.js"
    },
    "chunk-JNXZA5TY": {
      "file": "chunk-JNXZA5TY.js"
    },
    "chunk-AHKAZMBU": {
      "file": "chunk-AHKAZMBU.js"
    },
    "chunk-JZCJEBB7": {
      "file": "chunk-JZCJEBB7.js"
    },
    "chunk-OBCKPMKI": {
      "file": "chunk-OBCKPMKI.js"
    },
    "chunk-7G5TR5RR": {
      "file": "chunk-7G5TR5RR.js"
    }
  }
}